{"cameraMode":{"drawMode":0,"name":"Shaded","section":"Shading Mode"},"sceneLighting":true,"audioPlay":false,"sceneViewState":{"m_AlwaysRefresh":false,"showFog":true,"showSkybox":true,"showFlares":true,"showImageEffects":true,"showParticleSystems":true,"showVisualEffectGraphs":true,"m_FxEnabled":true},"in2DMode":false,"pivot":{"x":0.16169442236423493,"y":1.1772944927215577,"z":3.4195051193237306},"rotation":{"x":-0.019808243960142137,"y":-0.005401890724897385,"z":0.00010848985402844846,"w":-0.9997921586036682},"size":3.2660250663757326,"orthographic":false}